query_id,1_cluster_search_results,1_cluster_latency_result,1_cluster_throughput_result,2_cluster_search_results,2_cluster_latency_result,2_cluster_throughput_result,3_cluster_search_results,3_cluster_latency_result,3_cluster_throughput_result,4_cluster_search_results,4_cluster_latency_result,4_cluster_throughput_result
5,[],1586.8549346923828,0.6301773263186489,[],1213.4671211242676,0.8240849567259045,[],1185.32395362854,0.843651220359445,[],1251.250982284546,0.7992001717946231
1,[],1311.4972114562988,0.7624873246124485,[],1304.3980598449707,0.7666371415171004,[],1219.9029922485352,0.8197373121913504,[],1217.6809310913086,0.8212331937429465
3,[],1300.239086151123,0.769089324148938,[],2152.0791053771973,0.4646669341760692,[],2345.106363296509,0.4264198910766261,[],2140.5649185180664,0.46716639675301674
2,[],1329.355001449585,0.7522445087351066,[],1296.9329357147217,0.7710498919891443,[],1390.9859657287598,0.7189145143359401,[],1256.9489479064941,0.7955772600514489
4,[],1632.6920986175537,0.6124853552281707,[],1294.7299480438232,0.7723618361580933,[],1257.8980922698975,0.7949769589009265,[],1507.6210498809814,0.6632966554021945
